,City,Cloudiness,Country,Date,Humidity,Lat,Lon,MaxTemp,WindSpeed
0,bredasdorp,68,ZA,1553260507,60,-34.53,20.04,75,11.41
1,rikitea,44,PF,1553261100,100,-23.12,-134.97,78.49,14.12
2,ponta do sol,100,BR,1553261100,98,-20.63,-46,64.99,11.1
3,yellowknife,20,CA,1553261012,80,62.45,-114.38,30.2,9.17
4,bluff,44,AU,1553261100,51,-23.58,149.07,81.28,11.77
5,ribeira grande,40,PT,1553259600,82,38.52,-28.7,62.6,5.82
6,puerto ayora,8,EC,1553260508,98,-0.74,-90.35,75,2.71
7,esperance,20,TT,1553260649,74,10.24,-61.45,82.99,8.05
8,el bagre,80,CO,1553261101,97,7.6,-74.8,74.53,2.93
9,hobart,75,AU,1553261054,82,-42.88,147.33,62.6,8.05
10,busselton,0,AU,1553260930,44,-33.64,115.35,60.01,25.08
11,gao,64,ML,1553261101,17,16.28,-0.04,91.36,12.21
12,broome,75,GB,1553261080,81,52.47,1.45,54,14.99
13,hermanus,56,ZA,1553260507,66,-34.42,19.24,75,14
14,awbari,0,LY,1553261102,32,26.59,12.77,72.91,12.77
15,saleaula,,,,,,,,
16,los llanos de aridane,40,ES,1553260802,52,28.66,-17.92,69.8,16.11
17,ciro marina,0,IT,1553259000,63,39.37,17.13,62.6,14.99
18,vila franca do campo,40,PT,1553260948,82,37.72,-25.43,60.8,8.05
19,atuona,68,PF,1553261103,100,-9.8,-139.03,81.37,14.12
20,klichka,8,RU,1553261103,36,50.44,118,19.99,10.42
21,butaritari,88,KI,1553261103,100,3.07,172.79,79.21,5.73
22,kulhudhuffushi,8,MV,1553261103,100,6.62,73.07,84.97,8.63
23,benguela,0,AO,1553261103,81,-12.58,13.4,87.22,8.19
24,guerrero negro,36,MX,1553261104,99,27.97,-114.04,54.28,13.22
25,thompson,75,CA,1553259600,92,55.74,-97.86,12.2,3.36
26,ushuaia,75,AR,1553256000,93,-54.81,-68.31,44.6,3.36
27,clyde river,90,CA,1553259600,67,70.47,-68.59,-22.01,2.24
28,barrow,76,AR,1553261104,71,-38.31,-60.23,54.91,10.31
29,tura,0,IN,1553261105,58,25.52,90.21,78.13,4.94
30,kotra,0,IN,1553261105,18,25.81,79.31,89.92,13.22
31,storforshei,75,NO,1553259000,64,66.4,14.52,39.2,11.41
32,ulaangom,24,MN,1553261105,93,49.98,92.07,20.62,1.92
33,mar del plata,0,AR,1553261106,87,-46.43,-67.52,50.77,5.5
34,punta arenas,75,CL,1553260987,81,-53.16,-70.91,50,12.75
35,mumford,56,GH,1553261106,80,5.26,-0.76,85.78,11.99
36,fairbanks,1,US,1553260548,55,64.84,-147.72,39.2,6.93
37,paysandu,76,UY,1553260775,65,-32.32,-58.08,68,4
38,koslan,76,RU,1553261107,78,63.46,48.9,35.74,3.49
39,tsumeb,40,NA,1553259600,16,-19.25,17.72,93.2,3.36
40,clyde,32,NZ,1553260592,95,-45.19,169.32,52,2.59
41,antofagasta,0,CL,1553256000,72,-23.65,-70.4,64.4,2.24
42,tuktoyaktuk,75,CA,1553259600,84,69.44,-133.03,-2.21,8.05
43,faanui,0,PF,1553261107,100,-16.48,-151.75,84.07,9.75
44,albany,90,US,1553261105,86,42.65,-73.75,36,5.82
45,san quintin,20,PH,1553261108,70,17.54,120.52,75.97,2.71
46,mys shmidta,,,,,,,,
47,baiyin,0,CN,1553256000,35,36.55,104.13,41,4.47
48,nanortalik,88,GL,1553261108,96,60.14,-45.24,30.43,19.37
49,ponta delgada,40,PT,1553261008,82,37.73,-25.67,60.8,8.05
50,maniitsoq,8,GL,1553261108,100,65.42,-52.9,-5.93,8.75
51,jamestown,44,AU,1553261110,86,-33.21,138.6,63.1,3.15
52,tabiauea,,,,,,,,
53,gilbues,80,BR,1553260975,87,-9.83,-45.34,75.7,4.38
54,ketchikan,90,US,1553258640,93,55.34,-131.65,44.6,6.93
55,acajutla,0,SV,1553260814,58,13.59,-89.83,75,3
56,san andres,12,PH,1553261110,95,13.32,122.68,82.72,3.71
57,saint-philippe,90,CA,1553261110,93,45.36,-73.48,36,10.29
58,gillette,20,US,1553260741,74,44.29,-105.5,37,8.05
59,kapaa,20,US,1553260993,78,22.08,-159.32,71.6,13.87
60,santana do acarau,48,BR,1553261111,99,-3.46,-40.21,77.68,3.49
61,mataura,88,NZ,1553260805,89,-46.19,168.86,62.01,6.4
62,tasiilaq,90,GL,1553259000,85,65.61,-37.64,19.4,3.36
63,cedar city,90,US,1553260577,88,37.68,-113.06,33.8,10.29
64,burica,,,,,,,,
65,bambous virieux,75,MU,1553261040,79,-20.34,57.76,84.2,10.29
66,pacifica,90,US,1553260825,81,37.61,-122.49,52,4.7
67,hithadhoo,32,MV,1553261112,100,-0.6,73.08,85.78,6.4
68,kodiak,1,US,1553261101,74,39.95,-94.76,37.99,3.36
69,baturaja,92,ID,1553261112,99,-4.12,104.17,72.82,4.83
70,pasinler,0,TR,1553259000,44,39.98,41.67,41,5.82
71,champerico,40,MX,1553258700,73,16.38,-93.6,69.8,8.05
72,turukhansk,88,RU,1553261113,93,65.8,87.96,29.17,11.43
73,pishin,76,PK,1553261113,60,30.58,67,53.65,5.5
74,sciacca,20,IT,1553260882,87,37.51,13.08,60.01,2.24
75,mandan,90,US,1553260713,100,46.83,-100.89,28.99,3.36
76,castrovillari,0,IT,1553260995,49,39.82,16.2,71.01,10
77,samana,90,EC,1553256000,100,0.12,-76.97,71.6,5.82
78,te anau,80,NZ,1553261114,87,-45.41,167.72,54.73,2.37
79,navalmoral de la mata,0,ES,1553260884,36,39.89,-5.54,63,1.99
80,ayan,0,TR,1553261114,36,40.67,33.6,49.42,1.92
81,grand river south east,,,,,,,,
82,vaini,0,IN,1553256000,21,15.34,74.49,95,6.93
83,saskylakh,68,RU,1553261114,70,71.97,114.09,0.91,21.16
84,lompoc,1,US,1553261072,93,34.64,-120.46,46.99,4.5
85,taolanaro,,,,,,,,
86,flinders,90,AU,1553261112,100,-34.58,150.85,72,8.05
87,vestmannaeyjar,75,IS,1553259600,100,63.44,-20.27,35.6,33.33
88,flin flon,5,CA,1553259600,68,54.77,-101.88,24.8,4.7
89,belushya guba,,,,,,,,
90,geraldton,75,CA,1553259600,66,49.72,-86.95,14,11.41
91,carutapera,92,BR,1553261116,98,-1.2,-46.02,77.59,2.26
92,castro,90,CL,1553256000,93,-42.48,-73.76,53.6,6.93
93,revda,0,RU,1553261117,75,67.94,34.55,29.98,7.07
94,fortuna,0,ES,1553261115,32,38.18,-1.13,66.2,4.7
95,san patricio,32,PY,1553261117,76,-26.98,-56.83,64.63,3.38
96,mabay,75,CU,1553259000,88,20.35,-76.78,71.6,5.82
97,marquette,90,US,1553260981,92,46.54,-87.4,28.99,20.8
98,vaitupu,,,,,,,,
99,guaranda,44,EC,1553261118,93,-1.59,-79,60.58,2.59
100,esmeralda,0,CL,1553256000,87,-34.33,-70.9,48.2,2.82
101,talnakh,0,RU,1553261118,75,69.49,88.39,11.35,5.73
102,lavrentiya,92,RU,1553261118,94,65.58,-170.99,8.38,35.37
103,port alfred,92,ZA,1553261109,81,-33.59,26.89,75.99,1.99
104,buraydah,0,SA,1553259600,33,26.33,43.97,86,9.17
105,juneau,90,US,1553259180,93,58.3,-134.42,39.2,3.36
106,yar-sale,0,RU,1553261119,80,66.83,70.83,18.1,5.39
107,umzimvubu,,,,,,,,
108,new norfolk,75,AU,1553261114,82,-42.78,147.06,62.6,8.05
109,sorong,56,ID,1553260938,100,-0.86,131.25,81.1,7.52
110,sao raimundo nonato,,,,,,,,
111,baft,88,IR,1553261119,94,29.23,56.61,41.68,3.83
112,nizhneyansk,,,,,,,,
113,jambi,64,ID,1553261004,86,-1.6,103.62,81.37,0.69
114,kerrville,1,US,1553261119,87,30.05,-99.14,54,3.6
115,gorgonzola,0,IT,1553260924,29,45.53,9.4,68,2.24
116,viedma,0,AR,1553260928,79,-40.81,-62.99,57.43,10.31
117,vista hermosa,48,MX,1553261120,91,17.8,-97.76,53.92,2.71
118,iskateley,88,RU,1553261120,93,67.68,53.15,26.38,6.62
119,wahpeton,1,US,1553260635,92,46.27,-96.61,21.99,3.36
120,chuy,24,UY,1553261120,90,-33.69,-53.46,66.16,2.26
121,carnarvon,76,ZA,1553261120,18,-30.97,22.13,80.92,4.83
122,san cristobal,75,EC,1553260526,100,-0.39,-78.55,53.6,1.12
123,vanimo,88,PG,1553261121,100,-2.67,141.3,77.41,15.9
124,brazzaville,40,CD,1553259600,53,-4.27,15.27,95,11.41
125,daru,8,SL,1553261121,67,7.99,-10.85,83.17,8.19
126,popondetta,92,PG,1553261121,91,-8.77,148.24,70.93,1.7
127,tsihombe,,,,,,,,
128,antalaha,44,MG,1553261122,79,-14.9,50.28,85.06,11.65
129,edwardsville,1,US,1553261120,81,38.81,-89.95,44.01,4.7
130,bayan,0,MN,1553261122,39,47.25,107.54,16.03,9.42
131,nagato,20,JP,1553260770,66,34.35,131.14,51.8,5.82
132,price,90,US,1553260861,100,39.6,-110.81,34,4.7
133,khonuu,,,,,,,,
134,camacha,40,PT,1553259600,59,33.08,-16.33,66.2,19.46
135,longyearbyen,90,NO,1553260800,86,78.22,15.63,26.6,8.05
136,baracoa,0,CU,1553261123,100,20.35,-74.5,72.37,4.72
137,nikolskoye,90,RU,1553260982,59,59.7,30.79,41,22.37
138,tiksi,36,RU,1553261123,66,71.64,128.87,10,9.31
139,andenes,,,,,,,,
140,shenzhen,20,CN,1553261073,78,22.54,114.05,79,11.41
141,vardo,90,US,1553261121,65,39.62,-77.74,43,13.87
142,klaksvik,20,FO,1553260800,90,62.23,-6.59,42.8,24.16
143,neijiang,64,CN,1553261124,66,29.59,105.06,55.27,14.12
144,buala,56,SB,1553261124,93,-8.15,159.59,81.73,6.29
145,comodoro rivadavia,0,AR,1553256000,54,-45.87,-67.48,59,18.34
146,esna,20,RO,1553261125,59,45.2,27.57,59.23,6.62
147,ancud,90,CL,1553256000,93,-41.87,-73.83,53.6,6.93
148,sobradinho,92,BR,1553261125,82,-29.41,-53.03,60.4,5.5
149,leshukonskoye,48,RU,1553261125,73,64.9,45.76,37,3.38
150,pedernales,100,EC,1553261125,97,0.07,-80.05,71.38,4.72
151,mount isa,36,AU,1553257800,58,-20.73,139.49,82.4,9.17
152,san jose,80,PH,1553261127,60,15.79,120.99,76.96,2.71
153,hilo,90,US,1553261122,88,19.71,-155.08,66.2,8.05
154,arraial do cabo,75,BR,1553256000,69,-22.97,-42.02,78.8,8.05
155,lagoa,20,PT,1553260932,48,37.14,-8.45,71.01,17.22
156,bethel,1,US,1553255760,86,60.79,-161.76,37.4,11.41
157,fereydun kenar,20,IR,1553259600,62,36.69,52.52,59,11.41
158,saint-pierre,0,FR,1553260739,42,48.95,4.24,64,5.82
159,isangel,76,VU,1553256000,88,-19.55,169.27,77,4.7
160,norman wells,75,CA,1553259600,79,65.28,-126.83,19.4,9.17
161,chapais,90,CA,1553259960,92,49.78,-74.86,33.8,6.93
162,muroto,24,JP,1553261130,100,33.37,134.14,48.43,14.67
163,vaitape,24,PF,1553261130,100,-16.52,-151.75,83.8,11.1
164,mount gambier,88,AU,1553256000,88,-37.83,140.78,62.6,3.36
165,kawalu,88,ID,1553261131,94,-7.38,108.21,70.3,1.81
166,sambava,12,MG,1553261131,96,-14.27,50.17,85.24,17.36
167,georgetown,40,GY,1553256000,78,6.8,-58.16,80.6,9.17
168,nautla,100,MX,1553261132,100,20.22,-96.78,71.29,2.71
169,tadine,92,NC,1553261132,95,-21.55,167.88,80.2,15.46
170,skjervoy,40,NO,1553259000,51,70.03,20.97,37.4,19.46
171,soyo,88,AO,1553261132,76,-6.13,12.37,87.67,6.17
172,acapulco,40,MX,1553258880,69,16.86,-99.88,73.4,3.38
173,azul,12,AR,1553260882,68,-36.78,-59.86,55.27,4.72
174,dikson,8,RU,1553261133,98,73.51,80.55,1.99,7.63
175,grand gaube,75,MU,1553260741,79,-20.01,57.66,84.2,10.29
176,carahue,90,CL,1553256000,100,-38.71,-73.16,55.4,2.71
177,makakilo city,1,US,1553261068,77,21.35,-158.09,73.4,3.36
178,kaeo,0,NZ,1553260085,94,-35.1,173.78,57.99,3.27
179,salta,75,AR,1553259600,87,-24.79,-65.41,59,2.24
180,nurota,80,UZ,1553257800,36,40.56,65.69,62.6,6.93
181,oranjestad,20,AW,1553256000,78,12.52,-70.03,78.8,13.87
182,oktyabrskoye,0,RU,1553261132,59,56.73,85.44,36,11.18
183,trairi,76,BR,1553261134,100,-3.28,-39.27,78.76,7.74
184,praia da vitoria,20,PT,1553260512,64,38.73,-27.07,68,9.75
185,tarqui,90,EC,1553256000,88,-1.52,-78,71.6,6.93
186,souillac,0,FR,1553261115,29,45.6,-0.6,69.01,6.93
187,chokurdakh,0,RU,1553261134,24,70.62,147.9,-16.73,10.65
188,nemuro,20,JP,1553261134,100,43.32,145.57,29.08,27.87
189,kalmunai,68,LK,1553261135,75,7.42,81.82,84.61,5.17
190,barentsburg,,,,,,,,
191,kapoeta,,,,,,,,
192,honningsvag,40,NO,1553259000,90,70.98,25.97,32,29.97
193,kruisfontein,0,ZA,1553261135,78,-34,24.73,71.38,9.98
194,puerto barrios,75,GT,1553259600,94,15.72,-88.58,73.4,0.81
195,tabialan,,,,,,,,
196,badvel,0,IN,1553261135,28,14.74,79.07,97.93,5.17
197,bousso,,,,,,,,
198,river falls,1,US,1553261119,80,44.86,-92.63,35.01,3.36
199,tuatapere,76,NZ,1553260805,89,-46.13,167.69,62.01,4.38
200,hadzici,0,BA,1553259600,38,43.82,18.21,73.4,5.82
201,bonavista,8,CA,1553260554,79,48.65,-53.11,35.01,11.01
202,cape town,0,ZA,1553260967,53,-33.93,18.42,75.2,16.11
203,illoqqortoormiut,,,,,,,,
204,mehran,20,IR,1553259600,44,33.12,46.17,59,9.17
205,omsukchan,64,RU,1553261137,84,62.53,155.8,3.16,4.72
206,samalaeulu,,,,,,,,
207,anadyr,8,RU,1553260987,75,64.73,177.51,-16.01,17.9
208,latung,12,ID,1553261137,87,-8.45,120.42,74.98,4.61
209,burriana,0,ES,1553261053,29,39.89,-0.08,66.2,12.75
210,pozo colorado,0,PY,1553261137,83,-23.49,-58.8,68.59,6.96
211,kihei,90,US,1553260950,73,20.76,-156.45,71.6,10.29
212,mbanza-ngungu,0,CD,1553261138,52,-5.25,14.87,93.88,4.38
213,avarua,88,CK,1553257800,88,-21.21,-159.78,80.6,10.29
214,warqla,,,,,,,,
215,ilulissat,40,GL,1553259000,43,69.22,-51.1,-9.41,10.29
216,state college,90,US,1553261071,80,40.79,-77.86,39,9.17
217,xiangxiang,92,CN,1553261138,98,27.73,112.52,48.88,12.21
218,margate,75,AU,1553260994,82,-43.03,147.26,62.6,8.05
219,darlowo,0,PL,1553261138,93,54.42,16.41,41.77,1.14
220,naze,32,NG,1553261139,73,5.43,7.07,90.55,9.19
221,rundu,44,NA,1553261139,23,-17.91,19.77,98.02,8.86
222,svetlogorsk,0,RU,1553257800,69,53.14,59.15,37.4,11.18
223,dali,0,CN,1553261139,58,25.6,100.24,59.05,4.5
224,saint-francois,0,FR,1553260503,45,46.42,3.91,66.99,2.24
225,portland,90,US,1553260715,100,45.52,-122.67,45,3.38
226,victoria,75,BN,1553257800,83,5.28,115.24,82.4,1.12
227,sabang,48,PH,1553261140,88,13.72,123.58,78.31,7.52
228,biak,92,ID,1553261140,83,-0.91,122.88,83.35,4.94
229,luau,0,CD,1553261140,38,-10.7,22.23,92.08,3.6
230,dunedin,48,NZ,1553261009,95,-45.87,170.5,59,3.6
231,rauma,0,FI,1553259000,51,61.13,21.5,39.2,10.29
232,inhambane,75,MZ,1553259600,69,-23.87,35.38,82.4,10.29
233,garowe,0,SO,1553261141,22,8.41,48.48,92.17,7.52
234,naryan-mar,88,RU,1553261141,97,67.67,53.09,26.11,5.39
235,airai,12,TL,1553261141,81,-8.93,125.41,72.46,0.69
236,nabire,88,ID,1553261141,97,-3.36,135.5,68.5,1.36
237,east london,20,ZA,1553259600,69,-33.02,27.91,77,12.75
238,imeni poliny osipenko,0,RU,1553261142,57,52.42,136.49,-1.7,3.94
239,salalah,20,OM,1553259000,69,17.01,54.1,80.6,10.29
240,qaanaaq,0,GL,1553261142,45,77.48,-69.36,-29.33,9.86
241,viligili,,,,,,,,
242,troitsko-pechorsk,48,RU,1553261142,65,62.71,56.19,37.27,5.39
243,vung tau,0,VN,1553261142,94,10.35,107.08,82.36,8.97
244,buritis,48,BR,1553261142,81,-15.62,-46.42,77.77,4.5
245,boueni,48,YT,1553259600,83,-12.9,45.08,82.4,16.11
246,attawapiskat,,,,,,,,
247,truro,75,GB,1553261116,81,50.26,-5.05,54,11.41
248,campana,20,PA,1553260092,65,8.72,-79.89,79,12.75
249,wanaka,32,NZ,1553261143,86,-44.7,169.14,48.7,2.59
250,vostok,48,RU,1553261143,63,46.45,135.83,14.32,2.82
251,glossa,90,GR,1553261141,55,35.47,23.78,64.99,6.93
252,dubbo,0,AU,1553257800,77,-32.25,148.6,64.4,9.17
253,sao joao da barra,75,BR,1553256000,78,-21.64,-41.05,77,13.87
254,cabedelo,75,BR,1553256000,74,-6.97,-34.84,84.2,5.82
255,ankeny,1,US,1553261116,86,41.73,-93.6,34,8.05
256,husavik,0,CA,1553260851,94,50.56,-96.99,23,2.82
257,samusu,,,,,,,,
258,beringovskiy,44,RU,1553261145,77,63.05,179.32,-0.71,20.83
259,rabo de peixe,40,PT,1553261128,82,37.8,-25.58,60.8,8.05
260,belaya gora,0,RU,1553261145,33,68.54,146.19,-22.67,3.6
261,saint george,40,GR,1553260996,48,39.45,22.34,62.01,6.93
262,mindelo,0,PT,1553260741,48,41.31,-8.72,66.99,5.82
263,ust-omchug,64,RU,1553261146,66,61.13,149.63,0.28,2.93
264,petropavlovsk-kamchatskiy,75,RU,1553256000,85,53.05,158.65,21.2,4.47
265,lake havasu city,1,US,1553260810,66,34.47,-114.34,51.01,2.37
266,opuwo,8,NA,1553261146,21,-18.06,13.84,95.5,3.38
267,el alto,20,BO,1553256000,100,-16.5,-68.19,42.8,3.36
268,yatou,40,CM,1553259600,70,3.63,9.81,84.2,2.24
269,weiser,90,US,1553261136,57,44.25,-116.97,48.2,6.93
270,zyryanka,8,RU,1553261147,67,65.73,150.89,-4.85,6.4
271,lorengau,88,PG,1553261147,97,-2.02,147.27,82.99,9.64
272,bathsheba,75,BB,1553256000,83,13.22,-59.52,77,19.46
273,rocha,32,UY,1553261147,81,-34.48,-54.34,60.58,3.94
274,kati,20,ML,1553259600,29,12.75,-8.07,91.4,4.7
275,kushima,75,JP,1553260985,58,31.5,131.29,57.2,8.05
276,port elizabeth,90,US,1553261138,87,39.31,-74.98,46,19.46
277,tateyama,75,JP,1553260897,65,36.66,137.31,44.01,3.36
278,sumbawa,,,,,,,,
279,bodo,24,CI,1553261148,63,5.91,-4.68,90.55,8.63
280,kalmar,0,SE,1553260504,49,56.66,16.36,52,13.87
281,labutta,,,,,,,,
282,abay,0,KZ,1553257800,80,49.63,72.87,35.6,13.42
283,toamasina,40,MG,1553259600,74,-18.17,49.38,86,10.29
284,valparaiso,1,US,1553261084,74,41.47,-87.06,39.2,17.22
285,nhulunbuy,90,AU,1553257800,83,-12.18,136.78,84.2,14.99
286,hasilpur,0,PK,1553261149,34,29.69,72.55,85.15,4.5
287,praia,75,BR,1553256000,93,-20.25,-43.81,64.4,10.29
288,celestun,0,MX,1553261150,100,20.87,-90.4,73.54,16.91
289,cayenne,40,GF,1553257800,66,4.94,-52.33,86,11.41
290,port lincoln,64,AU,1553260959,98,-34.72,135.86,65.17,5.61
291,eirunepe,0,BR,1553261150,91,-6.66,-69.87,77.59,2.93
292,pisco,24,PE,1553256000,30,-13.71,-76.2,71.6,2.24
293,whitehorse,40,CA,1553260964,74,60.72,-135.06,37.99,17.22
294,olavarria,44,AR,1553261151,70,-36.89,-60.32,55.54,8.08
295,fare,0,PF,1553261151,99,-16.7,-151.02,83.53,10.98
296,cidreira,8,BR,1553261151,80,-30.17,-50.22,70.12,7.85
297,bengkulu,,,,,,,,
298,bur gabo,,,,,,,,
299,simbahan,0,PH,1553261151,99,6.3,120.58,82.09,8.86
300,caravelas,88,BR,1553261151,100,-17.73,-39.27,82.63,13.78
301,egvekinot,36,RU,1553261152,42,66.32,-179.17,-14.57,4.38
302,tumannyy,,,,,,,,
303,deep river,90,CA,1553260535,93,46.1,-77.49,36,3.36
304,zhigansk,76,RU,1553261152,74,66.77,123.37,9.73,15.35
305,provideniya,92,RU,1553261152,100,64.42,-173.23,10.63,26.53
306,ukiah,90,US,1553261068,87,39.15,-123.21,48.99,3.36
307,saint anthony,90,US,1553261151,64,43.97,-111.68,39,5.82
308,lahij,0,YE,1553261153,33,13.06,44.88,90.55,9.86
309,urumqi,,,,,,,,
310,north bend,1,US,1553261127,87,43.41,-124.22,44.01,5.82
311,constitucion,40,MX,1553260815,52,23.99,-104.67,48,6.93
312,luanda,75,AO,1553256000,74,-8.83,13.24,87.8,9.17
313,plettenberg bay,8,ZA,1553261153,94,-34.05,23.37,69.31,13.44
314,loukhi,36,RU,1553261154,66,66.08,33.04,34.75,10.2
315,isheyevka,40,RU,1553256000,99,54.43,48.27,32,4.47
316,ardahan,,,,,,,,
317,sao filipe,0,CV,1553261154,94,14.9,-24.5,71.11,14.67
318,puerto palomas,1,US,1553259180,64,31.78,-107.63,37.4,4.7
319,noumea,0,NC,1553257800,65,-22.28,166.46,78.8,5.82
320,ust-kamchatsk,,,,,,,,
321,komsomolskiy,76,RU,1553261154,92,67.55,63.78,26.92,4.72
322,ahipara,20,NZ,1553261155,96,-35.17,173.16,63.55,2.59
323,katsuura,75,JP,1553259600,80,33.93,134.5,48.2,18.34
324,hay river,20,CA,1553259600,69,60.82,-115.79,35.6,8.05
325,pevek,0,RU,1553261155,63,69.7,170.27,-21.77,4.27
326,coihaique,90,CL,1553256000,87,-45.58,-72.07,51.8,6.93
327,korla,,,,,,,,
328,luderitz,0,NA,1553261156,94,-26.65,15.16,66.16,7.74
329,borisoglebsk,44,RU,1553259801,90,51.37,42.08,35.01,5.99
330,beloha,100,MG,1553261156,99,-25.17,45.06,72.01,8.3
331,nishihara,75,JP,1553261131,60,35.74,139.53,55,19.46
332,upernavik,32,GL,1553261156,100,72.79,-56.15,-13.4,6.4
333,mountain home,90,US,1553261097,77,43.13,-115.69,44.01,2.59
334,prieska,48,ZA,1553261157,25,-29.67,22.74,87.76,4.5
335,kavaratti,0,IN,1553261157,100,10.57,72.64,83.8,8.97
336,banikoara,8,BJ,1553261157,27,11.3,2.44,98.2,4.27
337,mont-de-marsan,0,FR,1553260870,30,43.89,-0.5,69.8,3.36
338,high level,40,CA,1553259600,86,58.52,-117.13,26.6,2.24
339,lebu,20,ET,1553256000,24,8.96,38.73,80.6,11.41
340,kavieng,68,PG,1553261157,100,-2.57,150.8,83.53,3.71
341,bilma,0,NE,1553261158,17,18.69,12.92,99.37,8.19
342,bardejov,20,SK,1553260966,48,49.29,21.28,60.8,8.05
343,carballo,0,ES,1553261148,48,43.21,-8.69,66,8.05
344,perevolotskiy,0,RU,1553261158,96,51.88,54.19,35.29,3.27
345,coro,56,VE,1553261158,88,11.41,-69.67,74.8,6.73
346,severo-kurilsk,92,RU,1553261158,99,50.68,156.12,28.72,32.57
347,saldanha,0,PT,1553261159,32,41.42,-6.55,62.2,3.49
348,moerai,92,PF,1553261159,100,-22.43,-151.33,77.95,20.04
349,marcona,,,,,,,,
350,canyon lake,1,US,1553261156,93,33.68,-117.26,50,2.15
351,touros,40,BR,1553259600,84,-5.2,-35.46,86,4.7
352,labe,0,NG,1553261159,49,7.7,8.47,96.58,7.74
353,shchelyayur,,,,,,,,
354,rio gallegos,75,AR,1553256000,87,-51.62,-69.22,46.4,4.7
355,ossora,68,RU,1553261160,93,59.24,163.07,25.3,13.11
356,meyungs,,,,,,,,
357,khatanga,0,RU,1553261160,78,71.98,102.47,-8.09,8.86
358,kolosovka,44,RU,1553261160,94,56.47,73.61,28.45,3.15
359,kaitangata,76,NZ,1553261160,88,-46.28,169.85,55.99,3.94
360,veraval,0,FR,1553261111,76,49.65,0.71,55.99,3.36
361,mehamn,40,NO,1553259000,82,71.03,27.85,33.8,34.45
362,sitka,68,US,1553260510,82,37.17,-99.65,39.99,3
363,hirara,92,JP,1553261161,100,24.8,125.28,69.76,22.95
364,oistins,75,BB,1553256000,83,13.07,-59.53,77,19.46
365,lahaina,90,US,1553261032,78,20.87,-156.68,71.6,10.29
366,tsiroanomandidy,56,MG,1553261161,100,-18.77,46.05,73.18,4.27
367,dezhou,0,CN,1553261161,46,37.45,116.31,43.66,3.27
368,puerto lempira,0,HN,1553261161,76,15.27,-83.77,70.57,5.73
369,kropotkin,0,RU,1553260517,72,45.43,40.58,48,16.58
370,buin,0,CL,1553256000,76,-33.73,-70.74,53.6,3.71
371,la ciotat,0,FR,1553261133,28,43.17,5.6,71.6,8.05
372,toccoa,1,US,1553261126,56,34.58,-83.33,48.2,10.29
373,sentyabrskiy,,,,,,,,
374,mnogovershinnyy,0,RU,1553261162,65,53.94,139.92,-4.49,2.37
375,jiddah,,,,,,,,
376,arlit,8,NE,1553261163,36,18.74,7.39,86.32,7.52
377,iquique,0,CL,1553256000,63,-20.22,-70.14,66.2,1.12
378,athens,1,US,1553261162,80,34.8,-86.97,43,3.71
379,mahebourg,75,MU,1553261040,79,-20.41,57.7,84.2,10.29
380,floro,75,NO,1553261015,81,61.6,5.03,50,40.26
381,kelvington,0,CA,1553261164,65,52.16,-103.52,20.44,9.75
382,hvide sande,75,DK,1553261002,100,56.01,8.13,46.99,13.87
383,srednekolymsk,0,RU,1553261164,38,67.46,153.71,-12.05,2.93
384,pangkalanbuun,24,ID,1553261164,85,-2.68,111.62,79.39,4.94
385,ullapool,56,GB,1553261117,76,57.9,-5.16,55,10
386,aviles,0,ES,1553261137,48,43.55,-5.92,64,5.82
387,humaita,75,AR,1553259600,87,-24.93,-65.37,59,2.24
388,kahului,90,US,1553261032,78,20.89,-156.47,71.6,10.29
389,pirai,90,BR,1553260523,69,-22.63,-43.9,80.6,3.36
390,kaseda,75,JP,1553260985,58,31.42,130.32,55.4,8.05
391,vao,0,EE,1553261165,67,59.1,26.19,35.38,16.02
392,bubaque,68,GW,1553261166,99,11.28,-15.83,77.5,6.17
393,port macquarie,75,AU,1553261105,100,-31.43,152.91,72,8.05
394,axim,36,GH,1553261166,93,4.87,-2.24,84.43,15.23
395,kankon,0,IN,1553261166,93,15.02,74.02,84.16,16.02
396,hualmay,24,PE,1553261166,89,-11.1,-77.61,67.06,3.6
397,kunszentmarton,0,HU,1553261120,27,46.84,20.29,66,4.7
398,shangrao,92,CN,1553260957,99,28.45,117.97,47.17,3.38
399,ternate,40,PH,1553260989,65,14.29,120.72,84.99,9.17
400,bolkhov,88,RU,1553261167,93,53.44,36,35.65,17.25
401,namibe,0,AO,1553261167,97,-15.19,12.15,79.3,7.63
402,port hedland,40,AU,1553257800,79,-20.31,118.58,84.2,16.11
403,mercedes,36,UY,1553261168,91,-33.25,-58.03,57.61,5.95
404,tarakan,20,ID,1553256000,88,3.3,117.63,80.6,2.24
405,asau,,,,,,,,
406,poum,40,MK,1553259600,30,41.28,20.71,59,9.17
407,dingle,20,PH,1553261168,50,11,122.67,82.36,11.43
408,argelia,40,CO,1553259600,83,4.73,-76.12,69.8,2.24
409,susehri,12,TR,1553261168,78,40.16,38.09,38.53,2.71
410,nouadhibou,20,MR,1553259600,60,20.93,-17.03,71.6,11.41
411,springbok,8,ZA,1553261169,12,-29.67,17.88,91.72,7.29
412,mengcheng,92,CN,1553261169,47,33.26,116.57,49.96,5.61
413,palmer,0,AU,1553261104,83,-34.85,139.16,75,5.82
414,juegang,92,CN,1553261130,64,32.31,121.18,46,1.01
415,iqaluit,20,CA,1553260962,61,63.75,-68.52,-23.01,21.92
416,san cosme y damian,0,PY,1553259600,64,-27.32,-56.35,69.8,3.36
417,smolyaninovo,0,RU,1553257800,35,43.29,132.46,24.8,4.16
418,kununurra,0,AU,1553257800,55,-15.77,128.74,91.4,5.82
419,tezu,92,IN,1553261170,100,27.93,96.16,53.2,0.92
420,moron,92,VE,1553261171,91,10.49,-68.2,69.22,3.38
421,narsaq,90,GL,1553259000,78,60.91,-46.05,12.2,17.22
422,fort nelson,5,CA,1553259600,86,58.81,-122.69,26.6,2.24
423,sawakin,0,SD,1553261171,48,19.1,37.33,84.52,10.98
424,kirakira,12,SB,1553261172,98,-10.46,161.92,84.97,11.43
425,tarbagatay,0,RU,1553257800,58,51.48,107.36,24.8,4.47
426,inuvik,90,CA,1553259600,78,68.36,-133.71,10.4,4.7
427,burns lake,44,CA,1553261172,78,54.23,-125.76,27.19,2.15
428,ingham,88,AU,1553261172,100,-18.65,146.16,77.32,4.83
429,kenai,90,US,1553260924,70,60.55,-151.26,42.8,6.93
430,aanekoski,0,FI,1553259000,35,62.6,25.73,39.2,19.46
431,astoria,0,US,1553261158,94,46.19,-123.83,46,7
432,suhbaatar,0,MN,1553261173,59,50.23,106.21,27.37,3.27
433,san isidro,24,PH,1553261176,52,16.74,121.63,79.48,6.51
434,umm lajj,0,SA,1553261176,58,25.02,37.27,79.84,12.77
435,sola,75,NO,1553260802,87,58.89,5.65,46.4,19.46
436,ginda,20,IN,1553256000,31,30.69,78.49,77,8.05
437,schleswig,75,DE,1553261132,81,54.52,9.57,55,6.93
438,pechora,76,RU,1553261177,84,65.12,57.16,33.31,4.38
439,balimo,,,,,,,,
440,shimoda,75,JP,1553256000,100,34.7,138.93,51.8,17.22
441,wasilla,20,US,1553261117,74,61.58,-149.44,44.6,4.7
442,barroualie,,,,,,,,
443,evensk,8,RU,1553261177,100,61.92,159.24,17.47,13.78
444,newtonmore,40,GB,1553261105,81,57.07,-4.12,55,20.8
445,bitam,90,GA,1553256000,66,2.08,11.49,86,3.04
446,torbay,75,CA,1553260794,64,47.66,-52.73,37.4,16.11
447,newport,75,GB,1553261105,76,51.59,-3,55,6.93
448,sassandra,80,CI,1553261178,98,4.95,-6.09,83.08,9.98
449,myitkyina,76,MM,1553261178,70,25.38,97.4,73.27,2.48
450,saravan,40,AM,1553259000,43,39.72,45.65,59,11.41
451,moba,8,CD,1553261179,64,-7.04,29.77,82.27,1.7
452,mchinji,44,MW,1553261179,78,-13.8,32.89,77.68,6.06
453,elizabeth city,40,US,1553260863,76,36.3,-76.22,52,15.12
454,najran,40,SA,1553259600,15,17.54,44.22,96.8,4.7
455,alofi,90,NU,1553259600,83,-19.06,-169.92,75.2,6.93
456,amderma,,,,,,,,
457,lolua,,,,,,,,
458,sfantu gheorghe,0,RO,1553261117,55,44.65,26.83,64.99,9.17
459,itarema,24,BR,1553261180,100,-2.92,-39.92,79.57,2.37
460,bereda,0,ES,1553261037,48,43.27,-7.54,66,8.05
461,beira,0,ES,1553261148,48,43.2,-8.36,66,8.05
462,campo formoso,0,BR,1553261180,69,-10.51,-40.32,84.34,3.38
463,sinnamary,100,GF,1553261180,96,5.38,-52.96,79.3,10.98
464,birao,0,CF,1553261180,11,10.3,22.78,104.05,16.24
465,voznesenka,0,RU,1553261104,64,54.99,61.36,41,8.95
466,ouadda,24,CF,1553261181,14,8.07,22.4,105.58,13.22
467,acarau,,,,,,,,
468,neuquen,0,AR,1553259600,59,-38.95,-68.06,62.6,3.36
469,leningradskiy,36,RU,1553261181,83,69.38,178.42,-13.4,5.28
470,terrak,75,NO,1553261102,60,65.09,12.37,42.8,24.16
471,kysyl-syr,68,RU,1553261181,77,63.9,122.77,15.67,9.98
472,sorland,75,NO,1553259000,99,67.67,12.69,37.4,11.41
473,hasaki,75,JP,1553260598,62,35.73,140.83,52,8.05
474,krasnyy chikoy,0,RU,1553261182,40,50.36,108.75,19.18,4.16
475,mae sot,0,MM,1553257082,31,16.71,98.57,93.99,4.38
476,kampene,36,CD,1553261182,71,-3.59,26.67,84.34,2.82
477,chimbote,32,PE,1553261182,92,-9.08,-78.59,66.88,3.27
478,hami,64,CN,1553261182,43,42.84,93.51,47.8,3.15
479,smithers,75,CA,1553259600,92,54.78,-127.17,28.4,2.24
480,gumdag,88,TM,1553261183,85,39.2,54.59,52.03,8.08
481,huarmey,24,PE,1553261183,87,-10.07,-78.15,63.19,2.48
482,olafsvik,,,,,,,,
483,weligama,56,LK,1553261173,81,5.97,80.42,85.15,6.4
484,pacific grove,90,US,1553261181,66,36.62,-121.92,48.99,5.82
485,nakamura,75,JP,1553261046,61,35.17,136.87,46.4,40.26
486,tukrah,,,,,,,,
487,barra do bugres,88,BR,1553261184,91,-15.07,-57.19,74.98,4.38
488,berlevag,75,NO,1553259000,74,70.86,29.09,33.8,31.09
489,morro bay,90,US,1553261173,100,35.37,-120.85,46,1.7
490,hambantota,20,LK,1553256600,70,6.12,81.12,87.8,6.93
491,quatre cocos,75,MU,1553261040,79,-20.21,57.76,84.2,10.29
492,bonthe,24,SL,1553261185,67,7.53,-12.5,87.22,2.93
493,rawson,0,AR,1553261185,65,-43.3,-65.11,55.9,12.44
494,cascais,0,PT,1553260838,83,38.7,-9.42,66.99,11.41
495,ban phai,40,TH,1553256000,36,16.55,102.46,91.4,3.36
496,zharkovskiy,80,RU,1553261185,58,55.85,32.27,36.64,27.31
497,christchurch,48,NZ,1553260878,93,-43.53,172.64,59,2.24
498,progreso,0,UY,1553260628,82,-34.68,-56.22,66,5.82
499,pleshanovo,20,RU,1553257800,38,57.46,28.17,42.8,26.84
500,dolores,76,AR,1553261187,85,-36.31,-57.68,56.35,5.95
501,harper,1,US,1553260979,93,30.3,-99.24,55.99,5.82
502,cherskiy,0,RU,1553261187,30,68.75,161.3,-21.05,2.93
503,havoysund,40,NO,1553259000,90,71,24.66,32,29.97
504,moose factory,90,CA,1553259900,72,51.26,-80.61,10.4,17.22
505,nacunday,,,,,,,,
506,nelson bay,12,AU,1553261087,82,-32.72,152.14,68,4.7
507,khormuj,,,,,,,,
508,teguldet,88,RU,1553261188,74,57.31,88.17,34.21,7.74
509,mergui,,,,,,,,
510,charters towers,92,AU,1553261188,78,-20.07,146.27,75.43,9.08
511,humboldt,0,CA,1553261120,78,52.21,-105.12,24.49,12.66
512,makhachkala,75,RU,1553257800,76,42.98,47.5,48.2,15.66
513,chikoy,,,,,,,,
514,rosarito,90,CO,1553259600,100,4.91,-75.23,69.8,1.36
515,emerald,80,AU,1553260880,57,-23.53,148.16,80.6,9.17
516,alta floresta,75,BR,1553256000,100,-9.87,-56.08,75.2,2.24
517,yalta,48,UA,1553261189,86,46.96,37.27,44.56,17.58
518,tungkang,,,,,,,,
519,chuncheng,64,CN,1553261189,97,22.17,111.79,72.1,2.71
520,kurchum,0,KZ,1553261189,93,48.57,83.65,29.53,2.93
521,yulara,20,AU,1553256000,13,-25.24,130.99,93.2,9.17
522,saint-paul,0,FR,1553261112,27,45.22,1.9,66.99,3.36
523,irbit,48,RU,1553261190,92,57.67,63.06,37.72,5.84
524,muzhi,48,RU,1553261190,85,65.4,64.7,26.83,6.96
525,plunge,0,LT,1553259000,70,55.91,21.84,42.8,6.93
526,zemio,0,CF,1553261190,34,5.02,25.13,99.1,5.61
527,puerto narino,75,CO,1553256000,100,-3.77,-70.38,75.2,2.24
528,matara,90,PE,1553256000,65,-13.74,-72.9,46.4,1.25
529,olinda,75,EC,1553261100,94,-2.03,-79.75,77,2.24
530,san ignacio,20,CL,1553259600,82,-36.8,-72.03,57.2,13.87
531,coquimbo,90,CL,1553259600,93,-29.95,-71.34,55.4,0.92
532,conceicao do araguaia,92,BR,1553261192,100,-8.26,-49.26,74.08,4.72
533,upata,0,VE,1553260558,69,8.02,-62.41,81,3
534,nizwa,88,OM,1553261192,17,22.93,57.53,87.58,4.72
535,abu zabad,0,SD,1553261193,17,12.35,29.25,98.2,14
536,sergeyevka,0,KZ,1553261193,89,53.88,67.42,38.26,3.49
537,rockport,1,US,1553261049,100,28.02,-97.05,64.99,4.7
538,okhotsk,76,RU,1553261193,91,59.36,143.24,14.95,4.72
539,labuan,75,BN,1553257800,83,5.28,115.24,82.4,1.12
540,imbituba,75,BR,1553256000,73,-28.24,-48.67,69.8,4.7
541,avera,1,US,1553261172,46,33.19,-82.53,48.2,6.93
542,ayna,0,ES,1553260511,33,38.55,-2.07,59,14.99
543,fonte boa,8,BR,1553261182,93,-2.51,-66.09,78.22,3.15
544,cururupu,92,BR,1553261194,100,-1.82,-44.87,76.33,3.94
545,maceio,20,BR,1553259600,49,-9.67,-35.74,89.6,10.29
546,wschowa,90,PL,1553261067,81,51.8,16.32,55,4.7
547,nome,1,US,1553261136,87,30.04,-94.42,57.99,2.71
548,santa cruz,90,US,1553261021,93,36.97,-122.03,51.01,4.7
549,chicama,75,PE,1553259600,88,-7.84,-79.15,68,6.93
550,horsham,20,AU,1553261198,54,-36.71,142.2,72.64,9.98
551,tessalit,80,ML,1553261198,17,20.2,1.01,84.88,12.1
552,sorvag,,,,,,,,
553,abu samrah,8,SY,1553261198,71,35.3,37.18,69.13,5.61
554,grand baie,75,MU,1553261040,79,-20.02,57.58,84.2,10.29
555,marawi,0,PH,1553260535,78,8,124.29,77,3
556,lakes entrance,0,AU,1553261195,94,-37.88,147.99,66,10.42
557,puerto padre,75,CU,1553259000,88,21.2,-76.61,71.6,5.82
558,skalistyy,,,,,,,,
559,ust-kuyga,0,RU,1553261199,61,70,135.55,-3.32,13.22
560,georgiyevskoye,56,RU,1553261199,51,44.16,39.25,50.5,5.73
561,saint cloud,1,US,1553260929,80,45.56,-94.16,32,7.74
562,ganzhou,100,CN,1553261199,97,25.86,114.93,56.08,5.5
563,thasra,0,IN,1553257800,20,22.8,73.21,96.8,5.82
564,siniscola,0,IT,1553259000,59,40.57,9.69,62.6,11.41
565,deer lake,90,CA,1553259600,64,49.18,-57.43,33.8,11.41
566,savino,92,RU,1553261200,100,56.59,41.22,35.92,16.69
567,tamale,0,GH,1553260938,39,9.4,-0.84,98.47,6.4
568,puerto madryn,0,AR,1553261059,84,-42.77,-65.04,59.05,15.46
569,port moresby,75,PG,1553256000,83,-9.47,147.16,82.4,3.36
570,san luis,0,AR,1553261201,72,-33.3,-66.34,58.6,10.76
571,tchibanga,88,GA,1553261201,82,-2.92,11,84.88,4.38
572,ewa beach,1,US,1553261183,77,21.32,-158.01,73.4,3.36
573,tres picos,44,MX,1553261202,92,16.23,-93.58,64.18,3.71
574,dabat,20,ET,1553261202,53,12.98,37.77,73,2.15
575,paita,0,PE,1553259600,290,-5.09,-81.11,62.6,5.82
576,hamilton,40,BM,1553261120,82,32.3,-64.78,72,13.87
577,santa rosa,20,AR,1553261207,82,-36.62,-64.29,55.36,8.97
578,tabarqah,,,,,,,,
579,rabak,0,SD,1553261022,21,13.18,32.74,101.35,10.65
580,vastervik,,,,,,,,
581,camopi,0,GF,1553261208,75,3.17,-52.33,80.2,3.27
582,allada,36,BJ,1553261208,79,6.67,2.15,89.65,4.5
583,ballarat,0,AU,1553260590,78,-37.56,143.86,66.99,4.72
584,taitung,75,TW,1553259600,83,22.76,121.15,73.4,3.36
585,hobyo,0,SO,1553261208,63,5.35,48.53,85.33,13.78
586,college,40,US,1553261141,55,64.86,-147.8,39.2,10.29
587,santa maria,0,BR,1553256000,82,-29.69,-53.81,60.8,8.05
588,cape coast,32,GH,1553261210,68,5.11,-1.24,88.93,5.39
589,grindavik,75,IS,1553259600,74,63.84,-22.43,35.6,24.16
590,bara,8,NG,1553261210,22,10.41,10.6,104.32,3.83
591,luena,0,AO,1553261210,42,-11.78,19.91,89.02,5.61
592,aguas vermelhas,92,BR,1553261211,100,-15.75,-41.46,70.84,6.06
593,irbeyskoye,8,RU,1553261211,81,55.64,95.45,34.39,11.1
594,aksha,0,RU,1553261211,39,50.28,113.29,20.62,8.97
595,moranbah,76,AU,1553261211,68,-22,148.04,75.25,9.64
596,iwanai,64,JP,1553261211,100,42.97,140.51,29.17,16.02
597,zaranj,0,AF,1553259600,21,30.95,61.86,82.4,5.73
598,la ronge,5,CA,1553259600,79,55.1,-105.3,26.6,5.61
599,alepe,40,CI,1553259600,70,5.5,-3.66,87.8,10.29
600,wajir,75,KE,1553256000,33,1.75,40.07,100.4,4.7
601,eydhafushi,0,MV,1553261206,95,5.1,73.07,86.5,9.98
602,rondonopolis,0,BR,1553261021,79,-16.46,-54.64,78.85,4.38
603,sovetskiy,20,RU,1553261212,94,56.76,48.47,33.94,4.38
604,guatire,20,VE,1553261115,74,10.47,-66.54,78.8,2.24
605,lumding,24,IN,1553261213,76,25.75,93.17,72.1,4.05
606,tahoua,0,NE,1553261213,15,14.89,5.26,101.62,11.43
607,broken hill,68,AU,1553256000,20,-31.97,141.45,84.2,6.93
608,varniai,0,LT,1553259000,31,55.74,22.37,46.4,23.04
609,cap-aux-meules,90,CA,1553259600,92,47.38,-61.86,32,12.75
610,stykkisholmur,88,IS,1553261214,98,65.08,-22.73,34.57,16.02
611,barawe,,,,,,,,
612,porto walter,64,BR,1553261214,96,-8.27,-72.74,73.18,2.93
613,whitianga,100,NZ,1553261111,97,-36.83,175.7,64,5.5
614,cabo san lucas,5,MX,1553261134,45,22.89,-109.91,68,2.24
615,rafai,56,CF,1553261214,40,4.95,23.92,94.87,9.98
616,rusape,24,ZW,1553261214,75,-18.53,32.12,73,6.62
617,trelew,0,AR,1553261215,65,-43.25,-65.31,55.9,12.44
618,ekhabi,48,RU,1553261215,86,53.51,142.97,2.26,9.08
619,boguchany,92,RU,1553261215,67,58.38,97.46,36.37,10.65
620,srivardhan,0,IN,1553261215,49,18.03,73.02,87.22,9.75
621,dzilam gonzalez,0,MX,1553261215,84,21.28,-88.93,63.55,4.16
622,areka,0,ET,1553261215,20,7.07,37.71,88.57,3.04
623,bayeux,0,FR,1553259600,58,49.28,-0.7,59,2.24
624,mareeba,40,AU,1553261118,88,-16.99,145.42,77,11.41
625,tekeli,0,KZ,1553261216,71,44.86,78.76,50.32,2.37
626,formigine,0,IT,1553261199,37,44.58,10.85,69.01,5.82
627,kjollefjord,40,NO,1553259000,82,70.95,27.35,33.8,34.45
628,amapa,75,HN,1553259600,94,15.09,-87.97,71.6,2.24
629,kloulklubed,75,PW,1553255400,83,7.04,134.26,77,3.36
630,spirit river,20,CA,1553260930,85,55.78,-118.84,30.99,2.24
631,crab hill,,,,,,,,
632,rawdon,90,CA,1553261198,100,46.05,-73.71,37,6.93
633,belmonte,0,PT,1553260574,36,40.36,-7.35,64,1.99
634,eyl,0,SO,1553261217,78,7.98,49.82,83.35,10.98
635,williston,1,US,1553260925,79,48.15,-103.62,30.2,8.41
636,palabuhanratu,,,,,,,,
637,aksarka,8,RU,1553261218,86,66.56,67.8,20.35,6.51
638,neiafu,75,TO,1553259600,83,-18.65,-173.98,77,5.82
639,itacoatiara,20,BR,1553259600,83,-3.14,-58.44,80.6,3.36
640,jieshi,92,CN,1553260922,11,22.82,115.83,68,17.69
641,boyolangu,88,ID,1553261218,96,-8.09,111.9,72.01,2.59
